bid,keyword,position
7960,CNC,1
11250,CNC가공,1
11240,CNC조각기,1
1650,CNC교육,1
7230,조각기,1
13280,수원캐드학원,1
510,CNCG코드,1
3610,CNC라우터,1
3240,금속가공,1
1920,MCT교육,1
8660,CNC선반,1
2470,선반가공,1
5940,머시닝센터,1
1450,인서트,1
28270,레이저조각기,1
780,CNC자격증,1
3140,CNC밀링,1
2790,정밀가공,1
6860,공작기계,1
2230,오토캐드인강,1
1230,프레스금형설계,1
9930,레이저컷팅기,1
1020,머시닝센터교육,1
14360,레이저커팅기,1
1990,리벳,1
7160,아크릴스카시,1
2790,아크릴박스,1
1840,CNC선반교육,1
1800,CNC가공업체,1
1730,컴퓨터응용가공산업기사,1
1060,컴퓨터응용선반기능사,1
9720,수원캐드,1
34910,레이저각인기,1
1010,사출금형산업기사,1
1640,자동선반,1
1700,절삭가공,1
950,사출금형설계기사,1
2760,MCT가공,1
1680,CNC기계,1
1290,소형CNC,1
70,CNC가공교육,1
10660,레이저절단기,1
1350,컴퓨터응용밀링기능사,1
990,MCT자격증,1
1120,가공업체,1
1190,CNC학원,1
490,프레스금형설계기사,1
3690,마스터캠,1
1470,특수볼트,1
740,CNC제작,1
2190,소형CNC조각기,1
870,샤프트가공,1
1530,CNC자동선반,1
190,CNC선반프로그램,1
2380,델타인버터,1
690,환봉가공,1
2640,MCT학원,1
3580,아크릴가공,1
19330,위탁교육,1
320,금형기술사,1
1680,밀링가공,1
2860,SUS가공,1
2630,기계가공,1
400,중고CNC조각기,1
4460,테프론가공,1
1170,CNC선반학원,1
960,기계부품,1
2090,기계교육,1
1210,정밀,1
740,CNC복합기,1
560,미니CNC조각기,1
2070,CAD/CAM,1
3030,부품가공,1
2960,CNC가공기,1
2980,사출금형설계,1
6890,수원CAD,1
10640,수원CAD학원,1
1950,CNC선반가공,1
7620,CAD국비지원,1
7390,알루미늄가공,1
1480,마스타캠,1
52500,레이저마킹기,1
350,CNC가공프로그램,1
490,판넬절단기,1
850,CNC업체,1
4650,오토캐드강의,1
770,사각파이프조인트,1
1330,금속가공업체,1
2560,아크릴표찰,1
740,자동선반가공,1
70,마스터캠인강,1
20530,고3위탁교육,1
530,CNC선반자격증,1
2090,LM가이드,1
7670,캐드교육,1
1300,MC나일론가공,1
1470,신주가공,1
13020,파이버레이저,1
540,머시닝센터학원,1
1160,나무각인,1
1700,CNC공작기계,1
9460,목업제작,1
1050,아크릴수조,1
700,선반가공업체,1
8750,레이저가공,1
770,아크릴받침대,1
700,CNC커팅,1
640,복합선반,1
2010,아크릴거치대,1
70,선반학원,1
6990,수원오토캐드학원,1
560,합판CNC,1
590,인써트,1
520,컴퓨터응용가공산업기사실기,1
70,TINYROBO,1
70,대형CNC조각기,1
70,CNC라우터중고,1
170,5축조각기,1
540,인천CNC,1
70,LM절단기,1
320,CNC목공기계,1
1020,알루미늄조각기,1
200,CNC조각기중고,1
630,레이저CNC,1
550,CNCROUTER,1
520,판넬커팅기,1
640,부산CNC,1
490,R가공기,1
830,다이아커팅,1
250,CNC콘트롤러,1
350,CNC컨트롤러,1
460,리니어서보,1
70,CNC조각기교육,1
220,CNC각인기,1
510,CNC날,1
820,CNC밀링머신,1
1090,라우터기,1
710,미니CNC,1
520,명판기계,1
70,아크릴제단기,1
1150,ROUTER,1
920,목공라우터,1
2140,소형조각기,1
560,목형기계,1
950,다이아컷팅,1
380,소형CNC밀링,1
700,CNC컷팅기,1
1060,가공기,1
360,C1CNC,1
700,CNC컷팅,1
480,CNC부품,1
500,CNC루터,1
70,씨원씨앤씨,1
930,아크릴CNC가공,1
1830,CNC조각,1
2090,CNC조각기추천,1
320,3040CNC,1
610,목공조각기,1
1230,아크릴CNC,1
70,화낙CNC,1
970,CNC머신,1
870,CNC커팅기,1
70,알루미늄복합판넬가공,1
410,가죽레이저각인,1
270,목재가공기,1
590,스티로폼조각기,1
130,ALLCNC,1
380,자작CNC,1
90,5축고속가공기,1
1080,오축가공,1
980,CNC레이저,1
80,목형가공기,1
430,나무가공기,1
650,목형가공,1
1270,알루미늄가공기,1
1480,3D조각기,1
1360,목재CNC,1
980,미니조각기,1
1420,목공CNC,1
2670,5축가공기,1
1250,알루미늄CNC가공,1
420,폼컷팅,1
620,폼커팅기,1
290,EPS조각,1
180,EPS조각기,1
620,CNC조각기가격,1
70,CNC공작,1
450,CNC목업,1
960,CNC목재가공,1
1780,5축가공,1
700,목공용CNC,1
330,다이아컷팅기,1
960,레이저스카시,1
2800,사무실표찰,1
260,중고조각기,1
1520,알미늄가공기,1
360,절단기계,1
560,부산절단,1
70,부산밴딩,1
210,부산CNC선반,1
